"","Are.entrepreneurs.born.or.made.","When.you.think.of.an.entrepreneur.which.word.comes.to.your.mind...select.one.","Main.influence.on.career.choice","Was.the.reason.for.leaving.your.previous.organization.employment.an.end.of.contract.","Lack.of.shared.information","No.urgency.to.finish","Little.motivation.to.produce","Low.quality.standards","Discrimination","To.overcome.career.barriers","Didn.t.fit.into.corporate.cultures","Left.for.more.respect","Left.to.be.in.charge","Left.to.regain.excitement","Left.to.get.recognition","Left.to.make.it.on.my.own","For.self.esteem","To.become.an.entrepreneur","For.freedom","To.balance.family.and.work","To.control.my.time","For.the.last.years.our.firm.had.produced.many.new.products.services","In.general..our.firm.was.very.often.the.first.to.introduce.new.products.services","Facing.competition..our.firm.normally.engaged.aggressive.actions.over.the.competitors","In.general..our.firm.adopted.a.very.competitive.posture.to.beat.the.competitors","In.general..our.firm.had.a.strong.emphasis.on.high.risk.projects.with.uncertain.returns","In.order.to.achieve.the.firm.s.objectives..the.impact.of.the.business.environment.caused.our.firm.to.adopt.strong.and.fearless.measures","In.case.of.insecure.decision.making.situations..our.firm.adopted.a.fearless.and.aggressive.position.to.increase.the.chance.of.exploiting.potential.opportunities","Our.firm.put.on.strong.emphasis.on.R.D.and.innovation.instead.of.focusing.on.marketing.of.current.products.services","The.changes.in.new.product.services.in.our.firm.were.quite.dramatic","RC2","RC1","RC3"
"1","Made","Risk-taker","The economy","Yes",7,7,7,7,7,7,7,7,7,7,7,7,7,7,7,7,7,7,7,7,7,7,7,7,7,7,2.14841707385976,0.797798344247662,1.71958669297499
"2","Made","Risk-taker","The economy","Yes",7,7,7,7,7,7,7,7,7,7,7,7,7,7,7,7,7,7,7,7,7,7,7,7,7,7,2.14841707385976,0.797798344247662,1.71958669297499
"3","Born","Risk-taker","The economy","Yes",1,1,1,2,1,1,1,1,1,1,1,1,1,1,1,1,1,1,1,1,1,1,1,2,2,2,-1.63151101092135,-1.70488519513304,-2.01278387936516
"4","Made","Ambitious","Personal experience","No",5,3,6,6,3,6,3,4,4,4,4,5,6,4,7,7,7,5,6,3,3,3,3,3,3,3,-0.464557220200432,0.714353809744691,-0.0377069607164181
"5","No response","Ambitious","Personal experience","Yes",6,4,3,2,6,6,3,3,3,5,3,2,2,2,6,6,6,4,4,4,4,4,4,4,4,4,0.230298723991833,-0.289989433352338,-0.460071812263807
"6","Born","Risk-taker","Personal experience","No",5,4,5,5,4,5,6,5,5,6,6,6,4,4,6,6,6,4,6,3,3,2,4,3,5,4,-0.275501983070362,0.573050206761011,0.365689012635957
"7","Made","Motivated","Personal experience","No",5,5,5,4,5,5,4,5,5,5,5,5,5,3,5,4,5,6,6,6,6,6,6,6,7,7,1.86266009169273,-0.398309305550706,0.207747833883791
"8","No response","Successful","Careers guidance","Yes",6,2,7,7,7,7,7,7,1,6,6,2,2,2,2,5,4,7,7,3,4,7,6,6,6,6,1.51021278699887,-2.15602187909204,2.10254333164532
"9","Made","Hard-working","Careers guidance","Yes",6,2,3,5,1,1,3,1,1,7,3,3,3,1,7,7,7,4,1,1,4,6,4,3,1,1,-0.963032048982251,0.460589533788013,-1.33914032806632
"10","Made","Ambitious","Life/health circumstances","No",5,3,5,4,6,5,5,6,3,3,4,4,5,3,3,6,5,5,3,5,6,2,5,6,5,3,0.571853719020747,-0.52422114415958,0.162884686228019
"11","Made","Hard-working","Personal experience","Yes",4,2,2,2,2,4,6,4,2,2,3,1,2,4,2,1,1,6,5,6,6,7,6,6,4,6,1.98978455393256,-2.19119628289612,-0.675557325889532
"12","Made","Ambitious","Personal experience","No",3,6,7,6,2,7,6,5,4,7,6,3,6,5,6,3,6,1,3,2,4,1,2,2,1,1,-1.89304697097004,0.718450659305364,0.781389099758456
"13","No response","Risk-taker","The economy","Yes",1,1,2,2,1,6,2,1,2,2,4,1,1,1,3,5,4,1,1,2,1,3,4,1,3,3,-1.22086253561537,-0.576937587183638,-1.81327072038146
"14","Made","Hard-working","Personal experience","Yes",1,1,5,7,4,1,1,4,1,1,5,1,1,1,1,7,7,1,1,1,1,1,1,1,1,1,-2.3980617152797,-0.913036376939517,-0.426229698574997
"15","Born","Risk-taker","Personal experience","Yes",1,1,3,3,1,1,5,1,1,7,2,2,4,1,3,7,5,3,1,1,1,1,3,1,1,6,-1.56623126918194,-0.0300152043748128,-1.55161791389353
"16","Born","Risk-taker","Teachers or studies","Yes",7,5,7,7,4,6,7,7,4,7,7,1,6,4,7,4,7,1,1,1,1,1,1,1,1,1,-2.71050294353267,0.342347709321808,2.08711675610003
"17","No response","Rich","The economy","No",2,5,3,6,3,5,3,2,2,2,2,2,2,2,2,5,5,1,1,1,1,1,1,1,1,1,-2.21935854444443,-0.670175329497076,-0.394207488419375
"18","Made","Hard-working","Careers guidance","No",5,4,5,6,4,6,7,7,6,6,6,5,6,3,5,6,6,5,5,6,6,5,5,6,5,3,0.801189992226925,0.289561463043288,0.720723425173145
"19","Made","Motivated","Personal experience","No",4,4,6,5,5,7,3,4,6,6,7,5,5,4,5,5,5,5,5,5,6,5,6,5,6,6,1.11237093262005,0.168152148617582,0.258995201674404
"20","No response","Motivated","Careers guidance","No",3,4,5,6,5,6,5,7,5,4,4,3,3,3,3,3,3,3,2,2,2,2,2,2,2,6,-1.15737547327565,-1.1186849240048,1.28510953537079
"21","Born","Risk-taker","The economy","Yes",4,4,4,6,5,6,5,6,5,6,6,5,6,5,6,5,6,5,6,4,4,5,5,6,5,7,0.830877704045332,0.380306436281268,0.469194306229175
"22","Made","Motivated","Family or friends","No",5,7,7,5,7,6,5,7,4,5,6,4,5,5,7,7,7,3,4,4,4,4,4,4,4,4,-0.293972912654403,0.482934341784694,1.24213058278476
"23","Born","Risk-taker","The economy","No",2,1,3,1,1,1,1,1,1,3,5,1,7,1,7,1,1,3,4,3,3,6,3,2,4,4,-0.179348552063813,-0.770017273259691,-1.83321126893149
"24","No response","Risk-taker","Personal experience","No",7,4,7,7,5,4,7,7,6,7,6,2,6,1,2,6,6,1,2,2,2,2,2,2,2,2,-1.90250578070992,-0.419216590332506,2.12247004981079
"26","Made","Ambitious","The economy","No",5,3,6,6,6,5,2,3,1,2,4,4,3,4,2,2,2,4,4,5,4,6,5,4,6,2,0.668569368341833,-1.74831721519329,0.380961650451019
"27","Made","Risk-taker","The economy","No",6,2,6,5,6,3,4,5,5,2,2,4,4,4,6,7,7,4,4,4,4,4,4,4,4,4,-0.0455030830583802,0.0147835605539625,0.0738275193550473
"28","Born","Ambitious","Family or friends","No",3,3,6,4,1,4,4,6,7,4,3,5,3,4,7,3,7,5,4,3,3,4,3,3,4,3,-0.495269077612651,0.51940360269659,-0.424604578537689
"29","Made","Motivated","Family or friends","Yes",6,5,5,7,7,4,3,2,5,5,1,5,5,6,7,6,6,4,3,2,2,3,4,4,5,3,-0.649462607522588,0.634305606934026,0.180313654220208
"30","Made","Foxy ","Personal experience","No",1,2,5,6,2,2,1,3,5,6,4,5,4,4,3,4,3,3,3,1,2,3,3,3,3,2,-1.23326430752925,0.0763907816970482,-0.799732252734451
"31","Made","Risk-taker","Family or friends","No",5,5,7,6,6,6,5,4,5,5,7,6,7,7,7,7,7,5,5,4,4,4,5,4,6,6,0.35813035509933,1.03641255415151,0.725229139372821
"32","Made","Risk-taker","The economy","Yes",4,4,5,4,6,5,3,5,4,5,6,5,5,5,5,6,6,5,6,6,7,6,6,5,7,6,1.60817453709868,0.195073426120671,-0.220053476449999
"33","Made","Successful","Family or friends","Yes",5,4,4,4,4,4,4,4,4,4,4,4,4,4,4,7,7,4,4,4,4,4,4,4,4,4,0.0680160254814021,0.207123624686101,-0.369083685223765
"34","Made","Ambitious","The economy","Yes",5,5,5,5,5,5,5,5,6,5,6,6,5,5,6,5,6,6,6,6,6,6,6,6,6,6,1.55909486363398,0.29568028613338,0.278086759425084
"35","Made","Risk-taker","Family or friends","No",4,4,4,4,4,4,5,4,4,6,6,5,5,4,4,4,4,4,4,4,4,4,5,4,5,5,0.318239455234427,-0.0664199537599575,-0.0698685000583182
"36","Made","Successful","Personal experience","Yes",1,1,4,6,2,5,2,2,1,2,1,1,2,1,4,6,6,4,5,3,3,4,2,2,2,2,-0.659565910146605,-0.802333176198275,-1.17184049722818
"37","No response","Risk-taker","Teachers or studies","No",4,4,4,4,4,4,4,4,4,4,4,4,4,4,4,4,4,4,5,4,2,2,2,2,2,2,-0.838695975277381,-0.341422785666963,-0.0259834247218675
"38","Made","Hard-working","Personal experience","No",4,4,3,3,1,7,2,5,6,5,5,5,6,5,6,6,6,3,3,4,2,4,3,4,4,3,-0.559311012082436,1.26411327597894,-0.881746735158572
"39","Made","Hard-working","Careers guidance","Yes",5,5,3,5,4,7,6,6,7,4,4,7,7,7,7,7,7,4,4,5,5,4,5,5,4,4,0.248389284422126,1.59263178157996,-0.158436071838065
"40","Born","Risk-taker","The economy","No",6,6,4,5,7,6,6,7,5,3,7,1,3,1,1,3,1,5,2,4,4,1,1,6,1,5,-0.279988858323737,-2.37890962783415,2.23871761550008
"41","Made","Hard-working","Personal experience","Yes",4,4,4,4,5,4,4,4,5,5,5,5,5,6,6,4,5,5,4,5,5,5,5,5,5,5,0.715264564395771,0.341286210655512,-0.347669836707605
"42","Made","Ambitious","Family or friends","Yes",4,3,2,3,6,3,4,5,3,3,2,2,5,1,3,4,4,6,3,5,5,4,4,4,2,2,0.237772904756242,-1.106616335134,-0.432932767131835
"43","Made","Risk-taker","Family or friends","No",4,4,4,5,7,7,7,4,7,4,6,7,7,5,7,7,7,7,1,7,7,1,4,4,7,3,0.354231867761415,1.38086694763686,-0.038435482022892
"44","Made","Hard-working","Teachers or studies","Yes",5,5,5,4,4,6,7,1,1,1,1,7,7,7,7,7,7,5,5,5,4,1,5,4,2,2,-0.0932627202159671,1.06158368828831,-0.852174984771128
"45","Made","Risk-taker","Personal experience","Yes",4,5,4,5,3,5,6,7,7,7,7,7,7,7,7,7,7,3,1,4,4,5,4,5,4,4,-0.529161258333935,1.96534884582472,0.0783582170562201
"46","Born","Risk-taker","The economy","No",6,6,4,5,7,6,6,7,5,3,7,1,3,1,1,3,1,5,2,4,4,1,1,6,1,5,-0.279988858323737,-2.37890962783415,2.23871761550008
"47","Made","Hard-working","The economy","No",5,5,7,6,7,5,4,6,6,6,6,6,7,5,7,7,7,6,6,7,6,6,6,6,6,7,1.53247774421687,0.669982460618953,0.774563264566085
"48","Made","Rich","Personal experience","No",2,7,5,1,1,3,1,1,1,7,7,2,1,1,1,6,6,4,4,4,6,4,4,5,5,5,0.751264685181795,-0.600231345322508,-1.3013173650849
"49","Made","Risk-taker","The economy","Yes",5,5,5,6,6,6,6,7,7,7,7,7,7,6,7,6,7,4,3,4,4,4,5,4,4,4,-0.326805805261515,1.45049311309264,0.889110147047083
"50","Made","Risk-taker","Family or friends","No",4,4,3,5,5,5,3,6,3,5,4,5,4,5,3,5,4,4,5,4,4,3,4,4,4,5,0.246995097082687,-0.339891231141609,0.00744412122222979
"52","Made","Hard-working","Personal experience","No",6,4,5,5,1,6,2,4,3,2,2,1,5,1,1,7,7,3,2,4,4,4,3,4,3,5,-0.109867149149908,-0.840166158376478,-0.109716867294266
"53","Made","Risk-taker","Family or friends","No",5,7,5,7,7,5,1,1,7,7,7,7,7,7,7,7,7,1,3,1,1,5,5,5,1,1,-1.52381952344494,2.06058907246578,0.188863614482096
"54","Born","Hard-working","The economy","Yes",5,5,5,5,4,6,6,6,6,6,6,6,6,5,6,7,7,4,5,5,5,5,5,5,5,5,0.541811997046443,0.99562088564744,0.36645100972427
"55","Made","Risk-taker","Personal experience","No",5,3,3,3,6,5,5,3,5,5,5,3,4,2,3,4,4,4,4,3,3,2,3,3,5,3,-0.351911889738242,-0.574415918664397,0.07916321964624
"56","Made","Ambitious","Family or friends","No",6,5,7,6,7,7,5,7,7,6,7,6,6,5,7,6,7,3,4,5,4,3,4,3,2,3,-0.718736509147865,0.976327961110115,1.44986529093438
"57","No response","Hard-working","The economy","No",4,4,5,3,4,5,3,4,4,5,7,4,4,5,1,3,4,4,4,3,3,6,4,4,6,6,0.46753723734586,-0.739420121972837,0.207436454534446
"58","Made","Hard-working","Personal experience","No",4,5,3,4,1,3,2,3,3,4,7,7,4,6,7,7,7,4,4,4,7,4,7,4,6,4,0.783363047711819,1.41848364512715,-1.74172543677731
"59","Born","Risk-taker","Careers guidance","No",4,4,5,4,3,4,3,3,3,3,4,4,4,3,4,4,4,4,3,4,3,3,3,4,4,4,-0.182147316494561,-0.568436025608475,-0.309453219335062
"60","Made","Motivated","Personal experience","Yes",7,7,7,7,7,7,7,7,7,7,7,7,7,7,7,7,7,7,7,7,7,7,7,7,7,7,2.14841707385976,0.797798344247662,1.71958669297499
"61","Made","Risk-taker","Family or friends","No",3,3,4,5,7,6,6,6,5,6,4,4,4,4,5,6,6,4,4,4,4,2,3,4,4,3,-0.443110473223315,0.296625351633503,0.336969113057644
"63","Made","Risk-taker","The economy","No",3,3,6,2,4,4,7,4,3,6,3,6,4,4,7,7,3,3,2,2,2,3,2,2,2,1,-1.61697666142119,0.650285814051107,-0.279233504457259
"64","Made","Hard-working","One person's interest","No",4,5,5,5,4,6,4,6,6,7,4,7,7,7,7,7,7,1,1,1,1,5,5,4,3,4,-1.37099658508834,2.00880994183293,0.0371572175274101
"65","Born","Ambitious","Family or friends","No",2,2,3,3,3,3,3,3,3,3,2,2,3,2,3,2,3,2,2,3,4,4,4,4,4,4,-0.198743959020252,-1.00590180065177,-1.1357615453617
"66","Made","Risk-taker","Teachers or studies","No",5,5,6,4,7,4,7,6,4,4,4,5,4,4,6,6,6,4,4,4,4,5,4,4,4,3,-0.0883438566879958,0.0103454109056417,0.762034496141456
"67","Made","Ambitious","The economy","Yes",5,5,5,5,6,6,6,3,2,2,2,2,6,6,5,6,5,2,3,4,4,4,5,4,5,5,0.0851926281695062,-0.26868011495201,0.263681992343314
"68","Born","Risk-taker","Personal experience","No",2,3,3,4,4,4,4,5,5,5,4,6,6,6,6,6,5,4,4,4,4,4,4,4,4,4,-0.0970994401849188,1.0180383440029,-0.909037701515538
"69","No response","Hard-working","Personal experience","No",5,5,5,5,5,4,4,4,4,4,4,4,6,5,4,6,6,6,5,5,5,5,6,6,6,5,1.23396227327892,-0.0953253274446789,0.00979257006924703
"70","Made","Hard-working","Family or friends","No",5,4,5,5,5,5,4,3,4,4,3,4,4,5,6,3,4,4,5,5,4,4,5,4,4,4,0.389504808344,-0.363875779274487,0.0321398783257313
"71","Made","Ambitious","The economy","Yes",5,5,6,6,5,4,5,5,6,7,5,4,5,6,6,6,7,4,5,5,4,6,5,5,6,5,0.565101852552387,0.587622845995588,0.550382724515282
"72","Made","Ambitious","Careers guidance","Yes",4,4,4,4,4,4,4,4,4,4,6,5,5,5,3,3,4,4,4,4,5,3,4,4,4,3,0.0748188998804796,-0.212970782468692,-0.197124104268301
"73","Made","Hard-working","Personal experience","No",4,4,3,5,5,3,4,4,3,4,3,3,3,5,5,5,4,4,4,4,4,5,5,5,5,4,0.487283689920999,-0.463450618299546,-0.366454817789462
"74","Made","Hard-working","The economy","Yes",4,4,5,4,2,6,3,4,3,5,5,4,4,4,6,6,6,4,4,4,4,4,4,4,4,4,0.03499195317734,0.389876225086464,-0.503255653255032
"75","Born","Ambitious","Personal experience","Yes",6,2,4,7,7,6,4,6,5,5,4,5,4,4,4,5,5,5,6,2,2,2,5,2,5,6,-0.088664107909305,-0.430468882394739,0.977756921798347
"76","Made","Motivated","Personal experience","No",5,4,4,6,7,6,5,4,4,7,6,1,1,1,1,7,5,7,6,6,6,4,5,3,3,4,0.961811298596643,-1.51084885394227,0.984793944465826
"77","Made","Hard-working","Personal experience","Yes",3,3,5,3,1,3,6,4,3,6,6,7,5,4,2,1,3,7,5,1,3,1,3,6,2,5,-0.0886365269516687,-0.495378635123509,-0.156312514177437
"78","Made","Risk-taker","The economy","No",5,5,4,4,6,5,5,7,6,5,6,6,6,5,6,6,6,4,4,3,2,2,3,5,4,5,-0.489858407893491,0.768863453980386,0.612848137874664
"79","Made","Hard-working","Careers guidance","No",6,4,7,7,7,7,7,7,6,6,6,6,5,6,4,4,5,5,3,4,3,4,3,4,4,4,-0.356218794626648,-0.144775626003194,2.05276625502953
"80","Born","Motivated","Personal experience","No",4,4,4,3,4,7,7,7,7,7,7,7,7,7,7,7,7,5,6,5,5,2,4,4,7,7,0.585807669178315,1.7410928556579,0.00421726228833252
"81","Born","Motivated","Personal experience","No",4,4,4,3,4,7,7,7,7,7,7,7,7,7,7,7,7,5,6,5,5,2,4,4,7,7,0.585807669178315,1.7410928556579,0.00421726228833252
"82","Made","Hard-working","Personal experience","No",5,3,5,6,6,7,6,7,3,6,5,4,6,7,7,7,5,5,6,6,7,6,6,6,6,5,1.43382350520793,0.344947700440519,0.531445366052322
"83","Born","Hard-working","Careers guidance","Yes",4,4,6,4,5,7,5,5,5,7,7,7,7,4,7,7,7,3,3,3,3,3,3,2,3,3,-1.19487058709607,1.58575565014883,0.304675057304986
"84","Made","Risk-taker","Personal experience","No",4,4,4,4,4,4,4,4,4,4,4,4,4,4,4,4,4,4,4,5,5,5,5,5,5,5,0.7778513475867,-0.473857690487747,-0.32367379363952
"85","Made","Risk-taker","Family or friends","No",3,2,5,3,6,2,5,3,3,2,2,5,3,1,2,1,1,1,1,2,1,1,5,5,2,2,-1.14496608360656,-1.38407193033978,-0.203974270696964
"86","Made","Ambitious","Personal experience","No",5,5,2,2,2,3,2,2,2,2,2,6,2,2,2,6,6,7,4,4,4,4,4,4,5,5,0.908158564669292,-0.567114360103338,-1.48205151538415
"87","Born","Hard-working","Family or friends","No",4,6,4,4,3,5,1,1,1,2,3,3,4,4,3,4,3,4,1,4,4,3,4,4,4,3,-0.0420597335955234,-0.817088019711569,-0.767200181494557
"88","Made","Risk-taker","The economy","Yes",3,5,4,4,1,5,2,2,2,5,3,6,6,6,7,6,6,4,3,3,4,4,4,3,2,2,-0.602321509398158,1.33048565560632,-1.47937826726939
"89","Made","Risk-taker","Personal experience","No",6,5,6,7,6,6,5,5,5,4,5,4,4,5,3,6,6,5,5,6,6,3,5,5,6,5,0.975687248035525,-0.484726822515824,1.02948050705662
"90","Made","Risk-taker","Personal experience","No",5,4,4,4,5,4,4,6,6,6,4,4,4,4,4,4,4,4,6,3,4,5,4,4,5,5,0.383969780073187,-0.388243872065381,0.362634554876203
"91","Made","Ambitious","The economy","No",2,2,1,1,1,6,1,1,1,1,5,1,1,1,1,3,1,7,5,7,7,1,5,3,5,6,1.72482713668865,-2.06324345664829,-1.94073246008804
"92","Made","Risk-taker","The economy","No",5,4,6,6,5,6,5,6,6,5,6,4,5,4,4,5,5,4,3,4,4,3,4,3,3,3,-0.502346811578746,-0.104684399659154,1.06026979901083
"93","Born","Risk-taker","Personal experience","Yes",3,2,3,3,4,4,6,5,3,4,2,5,5,2,5,6,5,2,2,2,2,2,2,3,2,3,-1.42527462278313,0.324544471810874,-0.617597912850224
"94","Made","Hard-working","Teachers or studies","No",5,5,7,7,7,6,6,7,7,7,6,5,6,7,7,7,6,7,5,7,7,3,2,2,4,5,0.265026384096044,0.635249220081251,1.52758490578394
"95","Made","Motivated","The economy","Yes",6,5,6,6,7,5,6,7,6,7,6,7,6,6,7,7,6,6,7,5,6,6,6,6,7,6,1.45706445806324,0.710694220845772,1.04023995701389
"96","Made","Rich","Family or friends","No",4,7,4,7,4,7,4,7,4,7,4,7,4,7,4,7,4,7,4,7,4,7,4,7,4,7,1.34360700495442,0.019489354950424,0.760008400530844
"97","Made","Motivated","Personal experience","No",4,5,4,5,4,5,4,4,5,4,4,5,4,5,5,5,5,4,3,4,4,4,4,4,4,4,-0.0501637750464811,0.191445550835035,-0.127195382851121
"98","Made","Risk-taker","The economy","No",4,4,4,4,4,4,4,4,3,4,4,3,4,4,4,4,4,3,4,4,4,4,4,4,4,4,0.0619155328389224,-0.52953376079808,-0.210199285272184
"99","Made","Risk-taker","Personal experience","Yes",5,4,6,4,4,4,4,4,4,4,4,4,4,4,4,4,4,4,4,4,4,4,4,4,4,4,0.116600564859308,-0.566244718093151,0.195548673189159
"100","Made","Risk-taker","Personal experience","No",4,4,4,4,4,4,4,4,4,4,4,4,4,4,4,4,4,4,4,4,4,4,4,4,4,4,0.138718135802006,-0.408517559438746,-0.210930767750692
"101","Made","Motivated","Personal experience","No",5,2,6,6,1,3,2,7,1,5,2,1,4,1,4,1,1,1,1,1,1,1,1,1,1,1,-2.25228011944614,-1.56552061926761,0.642215129237959
"102","No response","Risk-taker","Personal experience","No",4,4,7,6,7,7,7,6,7,7,7,6,6,6,7,6,6,4,4,6,5,7,4,4,4,6,0.311182312440422,0.817076517535759,1.30561907719665
"103","Made","Risk-taker","Personal experience","No",4,6,3,6,3,6,7,6,6,6,6,6,6,6,4,7,7,4,4,5,3,6,5,4,4,4,0.111536388707573,0.99830754370673,0.356367162473593
"104","Made","Motivated","The economy","Yes",5,6,7,6,7,7,1,1,7,7,7,4,1,1,7,1,1,2,4,2,2,1,1,1,1,1,-1.86651656824976,-0.754260515581749,1.38595842993045
"105","Born","Risk-taker","Careers guidance","No",5,5,4,4,4,4,4,5,2,4,4,5,5,5,2,1,6,1,1,4,2,2,3,2,1,1,-1.51539684636534,-0.149978191316859,0.0781974435071505
"106","Made","Ambitious","Dreams","No",4,4,4,4,4,6,5,1,2,7,1,7,1,7,6,7,6,7,7,7,7,3,5,6,7,6,1.92316394671523,0.543789234817541,-1.31045156349203
"107","Made","Risk-taker","Family or friends","Yes",4,4,5,4,4,5,5,4,3,5,5,5,4,5,5,4,4,4,4,4,4,4,5,4,4,4,0.170775008703401,-0.0944062144662378,-0.0465660380704587
"108","Born","Independant","The economy","Yes",5,3,5,5,5,5,7,7,7,7,7,5,6,5,6,5,7,3,2,4,4,4,4,5,3,3,-0.632711521289287,1.02596901051857,0.714431806407796
"109","Made","Rich","Personal experience","Yes",7,6,7,7,2,7,7,7,7,7,6,7,5,7,7,5,7,7,5,4,5,7,7,6,7,7,1.4581017873664,0.757391092706806,1.28878364808794
"110","Made","combination of ambition and intelligence","Personal experience","No",5,4,5,6,1,4,2,5,5,5,4,5,3,7,7,4,6,3,5,5,5,2,4,6,2,1,-0.208043983097599,0.796300764281815,-0.63266801548532
"111","Made","Risk-taker","Teachers or studies","No",4,4,3,3,1,5,1,3,6,6,4,4,5,5,7,5,5,6,4,5,6,4,4,4,4,3,0.478695572138148,0.879625458362879,-1.4421115016514
"112","Made","Risk-taker","Personal experience","Yes",3,6,2,3,2,3,3,6,2,6,2,2,2,2,5,4,6,7,5,7,7,7,7,5,3,3,1.66270288007154,-0.624390339127112,-1.15112194179589
"113","Made","Motivated","Personal experience","Yes",4,4,5,4,4,5,3,4,3,4,4,5,5,6,5,5,5,5,4,4,4,4,6,5,4,3,0.38226402852535,0.250582611920884,-0.505872542672323
"114","Made","Ambitious","Personal experience","Yes",3,3,3,3,3,3,3,3,3,4,3,3,3,3,5,3,4,4,4,2,4,4,3,4,4,3,-0.182480429633187,-0.440619907491367,-1.01868686783549
"115","No response","Risk-taker","Personal experience","No",1,1,1,1,1,7,1,1,7,5,3,7,3,7,4,1,4,1,1,6,7,1,4,7,1,1,-0.281126159834012,1.37830010569084,-2.97016558414205
"116","Born","Risk-taker","Personal experience","Yes",5,2,7,7,1,1,7,3,4,4,1,1,1,1,4,4,1,4,4,5,5,4,6,4,5,1,0.411352781702226,-1.86109805485712,0.209942847821283
"117","Born","Ambitious","Grace","No",4,4,4,6,2,4,6,6,4,6,1,6,4,4,4,4,6,4,4,4,4,6,4,4,5,4,0.232699579422222,0.0600142717824088,-0.117763317628755
"118","Born","Risk-taker","Family or friends","No",4,4,5,4,6,6,6,6,6,6,7,7,7,6,7,5,6,6,6,5,5,4,4,4,5,4,0.439178962169685,1.05570425545534,0.366733357758206
"119","Born","Hard-working","The economy","Yes",5,2,2,7,6,7,5,4,6,7,5,7,7,7,5,6,5,6,6,4,6,4,5,6,5,4,0.84561307582763,0.989187926527387,-0.0909114811080324
"120","No response","Motivated","Careers guidance","No",3,3,5,5,3,6,4,4,7,6,6,7,5,5,3,6,5,4,4,5,4,6,5,4,4,3,0.176026474290423,0.71418118377837,-0.261854247906874
"121","Made","Motivated","Personal experience","No",2,3,6,7,7,6,5,7,6,6,7,7,5,7,6,4,6,1,1,1,3,2,1,4,7,3,-1.61989407134547,1.20045570204318,0.845243822373987
"122","Made","Motivated","Personal experience","Yes",5,5,4,6,5,6,4,4,5,4,4,5,5,4,6,5,5,4,5,5,6,6,4,5,6,6,0.978814362485408,-0.0209022598555806,0.191570743368598
"123","Made","Ambitious","Personal experience","Yes",4,3,6,2,7,4,5,6,4,4,3,4,7,7,7,7,7,4,3,5,7,5,6,7,6,7,1.12730042396972,0.853697432672402,-0.469855522406626
"124","Made","Hard-working","Careers guidance","No",5,5,5,5,5,5,5,5,5,5,3,5,5,6,2,5,5,4,4,4,4,4,4,4,4,4,0.0672583867279281,-0.151754691029285,0.500528515627719
"125","Made","Risk-taker","The economy","No",1,3,2,2,2,5,5,6,3,2,2,2,2,2,2,6,6,4,2,6,6,2,3,2,2,2,-0.284813190643884,-0.465532794694518,-1.30887433928146
"126","Made","Risk-taker","Family or friends","No",1,1,7,5,7,7,1,1,4,4,4,5,5,2,2,7,5,1,3,1,2,1,2,1,4,2,-1.80234735855235,0.230114745476559,-0.366914962249639
"127","No response","Hard-working","Careers guidance","No",5,4,7,5,5,5,6,7,4,4,5,3,4,3,3,6,4,7,6,4,5,4,4,4,3,6,0.708901320362906,-1.27352849286209,1.38426118082357
"128","No response","Ambitious","The economy","Yes",3,3,4,4,4,4,4,4,4,4,4,4,4,4,3,4,3,4,3,4,3,4,4,4,4,3,-0.123786375500152,-0.534276939089233,-0.302472630993878
"129","Made","Motivated","The economy","No",4,4,1,6,1,6,2,2,2,5,4,1,1,1,1,1,5,1,4,6,5,1,2,4,6,5,0.274182634683716,-1.3493329843238,-0.767359899661521
"130","Made","Hard-working","Careers guidance","Yes",7,2,4,7,7,4,7,7,1,4,4,1,4,1,4,1,3,5,4,1,1,7,5,6,2,2,-0.145193268727162,-2.20173465018751,1.83054650319606
"131","Made","Ambitious","The economy","No",4,4,5,6,6,3,5,5,5,5,5,5,5,5,5,5,5,3,3,3,3,5,3,3,2,2,-0.977247887087163,0.229121252866751,0.563972054038632
"132","No response","Hard-working","Personal experience","Yes",7,6,7,7,7,7,7,7,4,7,7,4,7,7,7,1,4,7,5,3,3,3,1,4,4,4,-0.340058886532609,-0.422785796665762,2.62442520452026
"133","Made","Motivated","The economy","No",5,3,6,5,6,5,6,5,6,7,3,7,7,6,6,7,6,6,6,6,6,7,6,6,6,4,1.33180388661839,0.931296852184114,0.0907740341885199
"134","No response","Motivated","The economy","No",6,5,6,5,5,6,5,7,6,6,6,5,6,4,6,4,4,5,3,4,4,5,6,5,5,4,0.375386869396673,0.0177803346650239,1.11535252683742
"135","Born","Ambitious","Family or friends","No",4,3,6,5,7,3,2,6,3,3,3,4,4,7,7,3,3,5,2,2,4,3,3,3,4,3,-0.629257208599147,-0.377467374306916,0.295976413765019
"136","Born","Risk-taker","Personal experience","Yes",4,6,2,4,1,4,5,5,5,5,5,5,5,4,6,2,5,5,5,3,2,3,4,5,4,4,0.000681071630505097,0.266421640709941,-0.368150664582521
"137","Made","Hard-working","Personal experience","No",1,4,7,7,7,4,7,7,4,7,4,4,7,7,7,7,7,1,1,1,1,1,1,1,1,1,-2.97907494386638,1.46489248430057,0.973983846355831
"138","Made","Risk-taker","Personal experience","No",3,3,5,4,1,6,5,4,4,4,4,6,5,1,6,7,5,4,2,3,4,3,3,4,2,2,-0.806479318722517,0.604660007788408,-0.647655670285025
"139","Made","Risk-taker","Personal experience","No",7,5,5,5,7,5,5,7,7,7,7,7,7,7,7,7,7,6,6,6,6,6,5,5,5,5,1.02816290736141,1.19292672526909,0.845754747779767
"140","Made","Hard-working","Careers guidance","Yes",3,2,2,2,5,6,3,5,5,6,6,6,6,5,3,2,4,6,5,4,6,3,3,3,5,5,0.520788010330041,0.133918785035273,-0.687378132213128
"141","Born","Risk-taker","Personal experience","No",6,4,4,4,5,7,3,2,2,2,2,2,2,3,5,3,3,5,3,3,4,1,3,2,3,4,-0.287113466388611,-1.31131679954252,0.0751252938010242
"142","Made","Ambitious","Personal experience","Yes",6,3,3,6,3,6,6,4,6,7,7,7,7,7,7,7,6,4,6,6,6,6,4,6,3,3,0.569963786531215,1.55665409178859,-0.203093692554891
"143","Made","Risk-taker","Personal experience","No",1,1,5,1,1,4,2,5,3,4,5,1,2,1,1,1,3,5,5,4,3,1,4,2,2,4,-0.152429136181519,-1.58862301985427,-0.845842301818923
"144","Made","Risk-taker","Teachers or studies","Yes",1,1,1,1,1,1,1,1,1,1,1,1,1,1,1,1,1,4,2,5,6,6,3,5,7,3,1.05990709394888,-2.03409806176489,-2.56837151238944
"145","Born","Ambitious","Family or friends","Yes",5,3,5,5,2,4,3,3,6,6,6,3,5,3,5,7,4,4,2,2,2,1,2,2,5,2,-1.29260034106017,0.37291048616886,-0.0643873902013324
"146","Made","Hard-working","Personal experience","No",3,4,6,4,5,4,3,4,4,4,3,5,5,3,5,5,4,5,4,4,4,5,5,5,6,4,0.556480293345804,-0.23285341296277,-0.278235547515815
"147","Born","Ready and prepared","Personal experience","No",3,4,7,7,1,5,7,6,4,7,6,6,6,6,6,1,4,4,4,4,4,4,4,4,5,4,-0.111803289751557,0.226149663616668,0.711269023800611
"148","Made","Ambitious","Family or friends","No",2,2,1,1,1,5,6,2,2,7,4,1,4,1,4,6,6,6,7,5,7,3,4,5,4,4,1.11081511944463,-0.0476795054074382,-1.90243846184898
"149","Born","Risk-taker","Personal experience","No",2,3,4,6,4,3,2,3,3,3,4,3,4,3,3,2,2,3,4,3,5,3,3,4,4,4,-0.0893026890070611,-1.14987353875351,-0.368036945143476
"150","Made","Hard-working","The economy","Yes",2,2,5,2,1,5,1,1,1,1,1,1,1,1,1,1,1,4,3,3,3,1,3,3,2,2,-0.453361054027201,-2.13565062249173,-1.21896266988148
"151","Made","Hard-working","Family or friends","Yes",5,5,7,3,4,4,4,4,4,4,4,4,4,5,5,6,5,4,4,5,5,5,6,4,4,4,0.528662502219829,-0.0652737189098539,-0.0630747386939111
"152","Born","Risk-taker","The economy","No",4,4,4,4,4,4,5,4,4,4,4,4,4,7,7,4,7,4,4,4,4,4,4,4,4,4,-0.0320785942124442,0.622646358881648,-0.505602673559825
"153","Made","Motivated","Family or friends","Yes",3,3,4,5,2,6,2,6,6,6,6,3,7,3,6,6,6,4,5,5,4,5,5,3,3,3,-0.0285173422488433,0.748815247933435,-0.425401510445828
"154","Made","Ambitious","Personal experience","No",4,4,3,5,5,5,5,5,5,5,5,5,5,6,5,6,5,4,3,5,4,5,5,5,5,3,0.252863806385376,0.53280597730459,-0.165943358590032
"155","Made","Ambitious","Careers guidance","No",6,5,5,5,5,5,5,5,6,5,5,6,5,6,6,3,5,4,4,4,4,4,5,4,4,4,0.0646286010626018,0.321763936818415,0.56261411542634
"156","Born","Successful","Family or friends","No",7,7,7,7,7,7,7,7,7,7,7,7,7,7,7,7,7,6,7,7,7,7,2,3,5,5,0.820619392466262,0.867308705685334,2.00008399479874
"157","Made","Ambitious","Personal experience","No",5,2,5,7,7,2,2,3,1,2,1,1,1,1,1,1,4,2,2,3,2,1,2,1,1,1,-1.54726564359123,-2.27156028041256,0.538580985092748
"158","Made","Hard-working","Family or friends","Yes",3,1,1,6,1,1,1,1,1,1,1,1,1,1,1,1,1,3,1,2,1,1,1,1,1,1,-1.6205436391229,-2.1141226188737,-1.18159416187011
"159","Born","Hard-working","Personal experience","No",6,6,6,6,1,6,7,7,7,7,7,5,7,7,7,5,7,4,4,1,7,4,7,7,6,2,0.315764504284172,1.48007157261229,0.545513799355424
"160","Made","Hard-working","Desire","No",1,4,5,6,7,4,5,2,2,6,2,2,1,1,4,7,5,1,1,1,1,1,1,1,1,1,-2.49940985153503,-0.382692947295813,0.161163284391339
"161","Made","Hard-working","Personal experience","No",4,1,2,6,6,7,6,6,7,6,4,6,6,6,6,7,6,6,7,5,4,7,6,5,5,4,0.999579899684281,0.933333714226229,-0.122755877907459
"162","Made","Ambitious","The economy","Yes",7,1,4,7,1,7,1,1,1,7,1,7,7,7,7,1,7,7,7,7,7,1,7,7,4,1,1.40366133807858,0.966855083730077,-1.64133760784491
"163","Made","Ambitious","The economy","Yes",7,1,4,7,1,7,1,1,1,7,1,7,7,7,7,1,7,7,7,7,7,1,7,7,4,1,1.40366133807858,0.966855083730077,-1.64133760784491
"164","Made","Successful","Family or friends","No",3,6,6,4,7,4,5,5,7,4,2,7,3,7,7,6,6,1,1,3,2,1,1,1,2,2,-2.20319280821535,1.25169340719485,0.229786900040077
"165","No response","Successful","Careers guidance","Yes",1,1,1,1,2,4,2,2,2,4,4,1,4,1,3,1,3,2,2,2,2,1,1,1,3,1,-1.55639983696989,-0.62519119410575,-1.75793386635295
"166","No response","Hard-working","Teachers or studies","Yes",4,4,6,6,6,4,5,5,5,6,5,4,3,3,5,6,6,4,4,1,1,2,1,4,6,4,-1.02279317861025,-0.0577709076751761,0.945952249896096
"167","Born","Risk-taker","The economy","Yes",5,6,6,4,5,6,7,6,4,5,6,7,3,2,4,5,6,6,5,5,7,5,7,3,6,7,1.41266203673202,-0.408019276682383,0.772031876248734
"168","Made","Ambitious","The economy","Yes",5,5,5,5,5,5,5,5,5,5,5,5,5,5,5,5,5,5,5,5,5,5,5,5,5,5,0.808617781821256,-0.00641225820994347,0.432575052491201
"169","Made","Motivated","Personal experience","No",2,6,2,5,2,2,5,2,5,6,6,5,2,6,5,6,6,6,4,2,2,2,2,2,4,3,-0.835195818461509,0.746398788156267,-0.772801980173385
"170","Made","Risk-taker","Personal experience","No",1,1,3,1,2,7,3,1,1,7,5,2,2,1,4,1,4,4,4,1,2,4,1,1,4,2,-0.975427040095574,-0.568513413352821,-1.27728454963464
"171","Made","Motivated","Personal experience","No",4,4,7,7,7,3,7,4,1,5,1,2,5,1,4,1,1,4,4,1,1,4,2,2,2,1,-1.32069597795868,-2.01254997578481,1.68380164428456
"172","Born","Risk-taker","Personal experience","No",5,4,7,6,6,6,6,6,4,7,3,3,7,5,4,6,3,4,4,4,4,4,4,3,3,3,-0.345991635063927,-0.331869624271113,1.32276804691506
"173","Made","Risk-taker","Personal experience","No",2,4,4,2,1,5,5,2,5,5,2,7,4,4,6,6,6,4,4,4,5,3,3,5,6,3,0.126963072203579,1.21561998501731,-1.75888693038686
"174","Born","passionate","Personal experience","No",5,5,6,6,6,7,2,4,4,5,4,1,1,1,1,1,1,7,5,2,3,6,3,2,5,3,0.297731745987734,-2.71187804591129,1.62225450645979
"175","Made","Motivated","Personal experience","No",3,3,4,4,3,3,4,3,4,4,3,5,3,4,4,4,5,4,5,5,4,5,4,5,4,5,0.554742535612395,-0.249999594415529,-0.838934728820682
"176","No response","Motivated","The economy","Yes",5,4,4,4,5,5,6,5,5,5,5,5,5,4,4,4,5,3,5,3,4,6,4,3,3,3,-0.190775538773923,-0.0210821230987232,0.394184350144922
"177","No response","Risk-taker","Personal experience","No",5,1,4,4,5,3,7,7,7,7,7,7,7,7,7,1,7,1,1,1,1,1,1,1,1,1,-2.78954131694649,1.69249240693711,0.410719185420934
"178","Born","Motivated","The economy","No",3,3,2,4,5,5,4,6,6,7,7,3,4,3,6,6,7,4,3,3,4,3,4,4,4,2,-0.556390627495949,0.863138937716565,-0.397787196809718
"179","No response","Risk-taker","The economy","No",4,5,2,4,4,4,4,4,4,4,4,4,4,7,6,6,6,4,4,4,4,4,4,4,4,4,0.0660673398090808,0.639036124504028,-0.756559805988777
"180","Born","Ambitious","Teachers or studies","Yes",5,3,4,6,5,6,6,5,7,7,5,6,5,6,4,6,5,5,5,5,4,2,4,1,4,6,-0.0710270807361904,0.482609918539739,0.585336843475026
"181","Made","Hard-working","The economy","Yes",4,5,5,5,7,5,6,7,5,7,7,7,7,7,7,7,7,4,4,4,4,4,4,4,4,4,-0.332233166357228,1.50111349033241,0.631515739725512
"182","Made","Risk-taker","Teachers or studies","No",4,3,5,4,4,5,4,5,3,4,2,4,3,3,4,4,4,3,3,4,3,3,3,3,3,4,-0.48249369607536,-0.643893470626256,-0.0141390791412476
"183","Made","Ambitious","The economy","Yes",6,5,6,6,4,7,7,4,6,6,6,6,7,7,7,7,7,6,5,5,5,4,3,6,6,4,0.515468411632226,1.20876506158438,0.651892430809212
"184","Made","Hard-working","Personal experience","No",2,2,2,3,2,2,2,2,2,2,2,2,2,2,1,5,4,4,3,4,3,4,3,3,3,4,-0.0760860946620204,-1.14931814796182,-1.5668957726042
"185","Born","LEADER","The economy","No",1,1,1,1,7,1,1,1,4,7,1,5,3,1,7,7,7,1,7,1,7,1,6,3,7,2,-0.059565185370086,1.4268568712871,-3.08499519503205
"186","Made","Cutting corners","Teachers or studies","No",3,4,7,7,1,1,3,1,1,5,1,1,6,1,1,1,1,4,7,7,6,4,3,2,5,2,0.667823629827103,-2.13116460885541,-0.178205454513408
"187","Made","Risk-taker","Personal experience","No",3,4,2,4,3,3,4,4,3,5,4,5,4,3,4,3,3,5,4,5,5,5,5,4,4,3,0.588922439612432,-0.450671244964816,-0.836058093063583
"188","Made","Hard-working","Family or friends","Yes",1,1,2,2,1,1,2,1,2,1,1,1,1,1,1,3,1,2,2,3,4,3,4,2,2,2,-0.552240805542596,-1.64681087452403,-2.09930491447416
"189","Made","Risk-taker","Opportunity","Yes",6,6,6,6,6,6,1,1,7,7,1,7,7,7,7,7,7,5,5,5,5,5,5,5,6,6,0.825931737596371,1.44578887903982,-0.326633779809985
"190","Born","Risk-taker","The economy","No",2,2,4,4,2,4,1,7,2,6,7,4,7,1,1,4,4,5,5,5,5,3,4,4,7,3,0.605154279250877,-0.533705710471609,-0.627018412589761
"191","No response","Risk-taker","The economy","Yes",6,5,5,6,4,6,5,6,5,6,5,6,5,7,5,6,6,4,5,5,5,4,5,5,5,5,0.584033770058311,0.598856722292449,0.519675959712924
"192","Born","Risk-taker","The economy","No",5,4,5,4,4,4,4,4,4,5,3,6,2,5,3,2,5,4,4,4,4,4,4,4,4,4,0.172107414583351,-0.461418693046459,-0.0692037811063657
"193","Born","Rich","Personal experience","No",4,2,5,3,4,5,6,5,5,3,3,4,5,2,5,2,3,4,3,4,5,2,4,3,2,2,-0.448180427968736,-0.571228035192751,-0.0383617688870347
"194","Born","Motivated","Personal experience","Yes",5,4,6,5,5,5,6,6,6,4,5,4,7,6,6,6,5,5,5,4,5,5,4,5,5,5,0.482862542359704,0.256749668781774,0.721886931969197
"195","No response","Ambitious","Personal experience","No",7,5,7,6,7,6,7,7,7,7,6,7,6,4,7,6,6,3,4,4,5,4,5,4,4,4,-0.191822153379814,0.792875145525574,1.60207397597578
"196","Made","Ambitious","The economy","Yes",5,5,4,5,4,6,5,5,6,5,5,5,6,5,5,5,5,3,2,3,3,3,3,3,3,4,-0.867919115196424,0.541582930866941,0.459074850444705
"197","Made","Risk-taker","Personal experience","No",4,4,4,4,4,4,4,4,4,4,4,5,4,4,4,4,4,1,1,4,4,4,4,4,4,4,-0.458628676184609,-0.032447865352689,-0.342941021847836
"198","No response","Rich","The economy","No",7,4,3,3,2,6,7,5,4,4,4,4,4,4,4,4,4,3,5,5,5,4,4,5,5,5,0.726514162701459,-0.470265286820151,0.057765077423791
"199","Made","Risk-taker","The economy","Yes",4,4,5,3,5,4,5,5,3,4,3,4,4,4,4,5,5,5,5,4,3,4,5,3,3,5,0.207817203836481,-0.479581879050095,0.030657107090751
"200","Made","Motivated","Teachers or studies","Yes",5,4,7,5,5,4,5,5,6,5,5,5,4,6,4,6,5,5,5,4,5,3,5,6,5,6,0.68389023563742,-0.0510313596087284,0.593868215269719
"201","No response","Risk-taker","Personal experience","No",4,4,4,4,4,4,4,7,4,4,4,4,4,4,4,4,4,4,4,4,4,4,4,4,4,4,0.11219739097577,-0.495068983767701,0.115997745095986
"202","Made","Successful","The economy","No",5,4,3,3,6,6,4,5,6,4,5,3,5,3,3,2,4,5,4,5,2,2,4,6,5,6,0.498414695038988,-0.840369262905599,0.422320104864563
"203","Born","Rich","Family or friends","Yes",3,4,4,4,4,4,4,4,4,4,4,4,4,4,4,4,4,4,4,4,4,4,4,4,4,4,0.111061705594686,-0.349219342833873,-0.334537343827764
"204","Made","Ambitious","The economy","No",4,4,5,4,5,5,3,4,5,6,5,5,6,4,6,6,6,5,4,5,4,4,4,5,3,6,0.278394473754532,0.570217912260525,-0.151057953015333
"205","Made","Rich","Personal experience","Yes",5,4,5,4,4,5,4,4,5,5,5,5,5,5,5,5,5,4,3,4,4,4,5,5,5,4,0.203721334430781,0.338040262235719,-0.111425857251976
"207","Made","Risk-taker","Personal experience","Yes",5,5,3,6,6,5,5,4,4,4,4,4,3,4,2,4,4,6,6,6,6,6,6,6,4,6,1.70623930414697,-1.25437164165442,0.458721194545565
"208","No response","Risk-taker","Personal experience","Yes",1,2,2,2,3,3,3,4,4,3,3,4,3,2,3,3,3,4,4,3,2,3,3,3,3,3,-0.480827609186152,-0.616352551130283,-1.27857781507356
"209","Born","Motivated","Personal experience","No",5,5,3,3,2,6,3,5,4,5,6,6,7,4,6,5,6,6,5,3,2,6,6,5,3,5,0.484462883539958,0.709512893072807,-0.442652680468385
"210","Made","Risk-taker","Personal experience","Yes",6,3,3,5,5,3,3,5,5,6,5,5,5,4,3,3,4,5,5,6,6,5,5,5,3,4,0.901496092555555,-0.485404081286947,0.00177804807932806
